Precio,Expensas,Direccion,Superficie,Dormitorios,Banos,Antiguedad,Ambientes,Fuente,ciudad
370000,No disponible,"Calle 5 1300, Piso 2do",32  m² cubie.,No disponible,No disponible,1 año,No disponible,argenprop,Buenos Aires
450000,70000,"61 700, Piso 1",55  m² cubie.,1 dorm.,No disponible,A Estrenar,No disponible,argenprop,Buenos Aires
No disponible,No disponible,"37 1500, Piso 1",65  m² cubie.,2 dorm.,No disponible,8 años,No disponible,argenprop,Buenos Aires
380000,No disponible,"Diagonal 79 100, Piso 1",38  m² cubie.,1 dorm.,No disponible,10 años,No disponible,argenprop,Buenos Aires
350000,50000,ALQUILER MONOAMBIENTE CON COCHERA,33  m² cubie.,No disponible,1 baño,8 años,No disponible,argenprop,Buenos Aires
340000,No disponible,"70 500, Piso 2",40  m² cubie.,1 dorm.,No disponible,25 años,No disponible,argenprop,Buenos Aires
470000,No disponible,ALQUILER DEPARTAMENTO 1 DORMITORIO ZONA PARQUE CASTELLI,42  m² cubie.,1 dorm.,No disponible,A Estrenar,No disponible,argenprop,Buenos Aires
360000,No disponible,67 700,42  m² cubie.,1 dorm.,No disponible,15 años,No disponible,argenprop,Buenos Aires
350000,30000,47 900,No disponible,No disponible,No disponible,A Estrenar,Monoam.,argenprop,Buenos Aires
420000,No disponible,"11 600, Piso 2",35  m² cubie.,No disponible,1 baño,No disponible,Monoam.,argenprop,Buenos Aires
360000,94000,11 e/ 38 y 39,32  m² cubie.,No disponible,1 baño,A Estrenar,No disponible,argenprop,Buenos Aires
523600,100000,39 e/ 11 y 12,40  m² cubie.,1 dorm.,No disponible,5 años,No disponible,argenprop,Buenos Aires
480000,No disponible,Avenida 13  entre 61 y 62 1400,47  m² cubie.,1 dorm.,No disponible,2 años,No disponible,argenprop,Buenos Aires
340000,35000,16  n 1681 e 66 y 67,50  m² cubie.,1 dorm.,No disponible,20 años,No disponible,argenprop,Buenos Aires
640000,No disponible,9 e/ 47 y 48,65  m² cubie.,2 dorm.,No disponible,A Estrenar,No disponible,argenprop,Buenos Aires
400000,55000,"61 400, Piso 8",60  m² cubie.,1 dorm.,No disponible,5 años,No disponible,argenprop,Buenos Aires
400000,80000,3 entre 43 y 44,No disponible,1 dorm.,1 baño,6 años,No disponible,argenprop,Buenos Aires
600000,130000,55 500,No disponible,No disponible,No disponible,40 años,Monoam.,argenprop,Buenos Aires
400000,No disponible,Calle 69 300,45  m² cubie.,1 dorm.,No disponible,A Estrenar,No disponible,argenprop,Buenos Aires
300000,50000,Calle 11 1200,21  m² cubie.,1 dorm.,No disponible,15 años,No disponible,argenprop,Buenos Aires
650000,No disponible,Calle 69 300,70  m² cubie.,2 dorm.,No disponible,A Estrenar,No disponible,argenprop,Buenos Aires
320000,45000,4 al 1100,27  m² cubie.,No disponible,1 baño,40 años,No disponible,argenprop,Buenos Aires
420000,45000,57 entre 17 y 18,45  m² cubie.,1 dorm.,No disponible,A Estrenar,No disponible,argenprop,Buenos Aires
500000,1500,"Calle 62 900, Piso 6",No disponible,1 dorm.,1 baño,A Estrenar,No disponible,argenprop,Buenos Aires
400000,No disponible,Calle 41 entre Av. 19 y Calle,No disponible,2 dorm.,1 baño,No disponible,3 ambientes,argenprop,Buenos Aires
430000,85000,"Calle 55 400, Piso 14",41  m² cubie.,1 dorm.,No disponible,40 años,No disponible,argenprop,Buenos Aires
350000,No disponible,Plaza Paso,No disponible,No disponible,1 baño,No disponible,Monoam.,argenprop,Buenos Aires
450000,No disponible,Calle 20 entre 32 y 33,No disponible,2 dorm.,1 baño,No disponible,3 ambientes,argenprop,Buenos Aires
600000,No disponible,"61 1100, Piso 10",No disponible,2 dorm.,No disponible,No disponible,No disponible,argenprop,Buenos Aires
400000,No disponible,"Calle 49 1000, Piso 2",45  m² cubie.,1 dorm.,No disponible,No disponible,2 ambientes,argenprop,Buenos Aires
480000,No disponible,"56 100, Piso 5",No disponible,No disponible,No disponible,No disponible,No disponible,argenprop,Buenos Aires
380000,80000,48 600,No disponible,1 dorm.,1 baño,30 años,No disponible,argenprop,Buenos Aires
480000,No disponible,61 entre 5 y 6 500,No disponible,1 dorm.,1 baño,No disponible,2 ambientes,argenprop,Buenos Aires
420000,60000,58 11 y 1258 entre 11 y 12,No disponible,1 dorm.,1 baño,15 años,No disponible,argenprop,Buenos Aires
400000,No disponible,"Calle 115 1600, Piso 4",No disponible,1 dorm.,1 baño,No disponible,2 ambientes,argenprop,Buenos Aires
380000,No disponible,"Calle 26 1200, Piso 1",No disponible,1 dorm.,1 baño,No disponible,2 ambientes,argenprop,Buenos Aires
450000,No disponible,56  e 13 y 14 900,No disponible,1 dorm.,1 baño,No disponible,2 ambientes,argenprop,Buenos Aires
350000,90000,Torre Brumel - 56 e/ 18 y 19,30  m² cubie.,No disponible,1 baño,A Estrenar,No disponible,argenprop,Buenos Aires
400000,50000,14 e/ 57 y 58,35  m² cubie.,No disponible,1 baño,A Estrenar,No disponible,argenprop,Buenos Aires
340500,100000,22 e/ 44 y 45,30  m² cubie.,No disponible,1 baño,5 años,No disponible,argenprop,Buenos Aires
490000,No disponible,Plaza Italia y Diagonal 74,67  m² cubie.,1 dorm.,No disponible,20 años,No disponible,argenprop,Buenos Aires
630000,160000,9 e/ 59 y Avenida 60,64  m² cubie.,2 dorm.,No disponible,15 años,No disponible,argenprop,Buenos Aires
650000,60000,Plaza Matheu 100,75  m² cubie.,2 dorm.,No disponible,5 años,No disponible,argenprop,Buenos Aires
1150000,100000,Calle 68 600,100  m² cubie.,3 dorm.,No disponible,8 años,No disponible,argenprop,Buenos Aires
No disponible,No disponible,"18 e/ 51 y 53 900, Piso 4",No disponible,2 dorm.,1 baño,3 años,No disponible,argenprop,Buenos Aires
340000,50000,"61 Entre 18 Y 19 , Piso 8",32  m² cubie.,No disponible,No disponible,10 años,Monoam.,argenprop,Buenos Aires
No disponible,No disponible,"59 e/ 15 y 16 1000, Piso 3",No disponible,No disponible,1 baño,20 años,Monoam.,argenprop,Buenos Aires
570000,No disponible,"1 entre 68y69 1700, Piso PB",No disponible,2 dorm.,No disponible,50 años,3 ambientes,argenprop,Buenos Aires
420000,20000,137 1700,No disponible,2 dorm.,1 baño,A Estrenar,No disponible,argenprop,Buenos Aires
450000,No disponible,21 e/ 47 y 48 700,No disponible,1 dorm.,1 baño,30 años,No disponible,argenprop,Buenos Aires
280000,30000,Avenida Juan de Almonacid 1300,40  m² cubie.,No disponible,1 baño,15 años,No disponible,argenprop,Catamarca
390000,80000,AVENIDA CASTELLI 100,No disponible,1 dorm.,1 baño,No disponible,2 ambientes,argenprop,Chaco
300000,37000,"Molina 400, Piso PB",No disponible,1 dorm.,1 baño,10 años,No disponible,argenprop,Chaco
600000,No disponible,"Necochea 200, Piso 1",80  m² cubie.,2 dorm.,No disponible,20 años,No disponible,argenprop,Chaco
220000,18000,Seitor 1600,30  m² cubie.,1 dorm.,1 baño,No disponible,No disponible,argenprop,Chaco
700000,No disponible,"Mitre 700, Piso 1",No disponible,3 dorm.,2 baños,No disponible,4 ambientes,argenprop,Chaco
390000,No disponible,"Alem 500, Piso 1",No disponible,2 dorm.,1 baño,No disponible,3 ambientes,argenprop,Chaco
280000,40000,"Ameghino 1200, Piso 2",32  m² cubie.,1 dorm.,No disponible,10 años,No disponible,argenprop,Chaco
600000,50000,"MONTEAGUDO 1000, Piso PB",65  m² cubie.,3 dorm.,No disponible,20 años,No disponible,argenprop,Chaco
400000,50000,"Av. edison 100, Piso 2",No disponible,2 dorm.,1 baño,30 años,No disponible,argenprop,Chaco
300000,33000,"SAN LORENZO 1000, Piso 1",No disponible,1 dorm.,1 baño,No disponible,2 ambientes,argenprop,Chaco
280000,40000,"Jose Maria Paz 1200, Piso 2",45  m² cubie.,1 dorm.,1 baño,No disponible,No disponible,argenprop,Chaco
280000,No disponible,Fortín Loma Negra 100,45  m² cubie.,1 dorm.,1 baño,No disponible,No disponible,argenprop,Chaco
450000,110000,"DONOVAN 700, Piso 2",60  m² cubie.,2 dorm.,No disponible,30 años,No disponible,argenprop,Chaco
240000,40000,"ARBO Y BLANCO 1600, Piso 1",35  m² cubie.,1 dorm.,No disponible,10 años,No disponible,argenprop,Chaco
280000,50000,"NECOCHEA 1200, Piso 3",35  m² cubie.,1 dorm.,No disponible,10 años,No disponible,argenprop,Chaco
350000,50000,"CANGALLO 1200, Piso 2",No disponible,1 dorm.,1 baño,3 años,No disponible,argenprop,Chaco
180000,No disponible,Lisandro de la Torre 2500,No disponible,No disponible,No disponible,10 años,Monoam.,argenprop,Chaco
240000,No disponible,"AV LAS HERAS 1100, Piso 1",No disponible,2 dorm.,1 baño,6 años,No disponible,argenprop,Chaco
620000,No disponible,Marmol al 600,46  m² cubie.,1 dorm.,No disponible,A Estrenar,No disponible,argenprop,Chaco
300000,No disponible,Marmol  al 600,No disponible,No disponible,1 baño,4 años,Monoam.,argenprop,Chaco
350000,65000,Departamento en alquiler Av. Alberdi al 1400,39  m² cubie.,1 dorm.,No disponible,6 años,No disponible,argenprop,Chaco
390000,55000,Roldan  al 400,36  m² cubie.,1 dorm.,No disponible,6 años,No disponible,argenprop,Chaco
170000,No disponible,"Pasaje Caracas 100, Piso 1",No disponible,No disponible,No disponible,No disponible,Monoam.,argenprop,Chaco
320000,50000,"ILLIA ARTURO 600, Piso 2",50  m² cubie.,1 dorm.,No disponible,35 años,No disponible,argenprop,Chaco
330000,25000,"ECHEVERRIA 900, Piso 2",40  m² cubie.,1 dorm.,1 baño,No disponible,No disponible,argenprop,Chaco
330000,30000,"ARBO Y BLANCO 300, Piso 2",40  m² cubie.,1 dorm.,1 baño,No disponible,No disponible,argenprop,Chaco
200000,30000,"Mármol 1000, Piso 1",25  m² cubie.,No disponible,1 baño,No disponible,Monoam.,argenprop,Chaco
400000,No disponible,"LA FLORIDA 100, Piso P.B.",55  m² cubie.,2 dorm.,1 baño,No disponible,No disponible,argenprop,Chaco
320000,No disponible,"AV. CASTELLI 100, Piso P.B.",50  m² cubie.,1 dorm.,1 baño,No disponible,No disponible,argenprop,Chaco
140000,20000,"PARODI 200, Piso P.B.",20  m² cubie.,No disponible,1 baño,No disponible,Monoam.,argenprop,Chaco
350000,No disponible,"SAN BERNARDO 2100, Piso 2",70  m² cubie.,3 dorm.,No disponible,45 años,No disponible,argenprop,Chaco
550000,50000,"SANTIAGO DEL ESTERO 200, Piso 2",60  m² cubie.,2 dorm.,1 baño,No disponible,No disponible,argenprop,Chaco
200000,No disponible,Echeverria 1500,No disponible,No disponible,1 baño,No disponible,Monoam.,argenprop,Chaco
450000,No disponible,"DONOVAN 1200, Piso P.B.",70  m² cubie.,2 dorm.,1 baño,No disponible,No disponible,argenprop,Chaco
380000,50000,"Liniers 700, Piso 1",35  m² cubie.,1 dorm.,No disponible,10 años,No disponible,argenprop,Chaco
500000,No disponible,"JULIO A ROCA 700, Piso P.B.",55  m² cubie.,2 dorm.,2 baños,No disponible,No disponible,argenprop,Chaco
500000,No disponible,"JULIO A ROCA 700, Piso P.B.",55  m² cubie.,2 dorm.,2 baños,No disponible,No disponible,argenprop,Chaco
550000,No disponible,"ECHEVERRIA 300, Piso P.A.",65  m² cubie.,2 dorm.,1 baño,No disponible,No disponible,argenprop,Chaco
250000,No disponible,Obligado 500,No disponible,2 dorm.,1 baño,No disponible,3 ambientes,argenprop,Chaco
380000,70000,"WILDE 500, Piso 4",No disponible,No disponible,No disponible,No disponible,Monoam.,argenprop,Chaco
300000,No disponible,"Franklin 700, Piso 6",26  m² cubie.,No disponible,1 baño,10 años,No disponible,argenprop,Chaco
280000,No disponible,"Cervantes 200, Piso 1",No disponible,1 dorm.,1 baño,No disponible,2 ambientes,argenprop,Chaco
650000,200000,Av. Rivadavia y Formosa,55  m² cubie.,1 dorm.,No disponible,A Estrenar,No disponible,argenprop,Chaco
500000,75000,Av. 25 de Mayo 1300,60  m² cubie.,2 dorm.,2 baños,No disponible,No disponible,argenprop,Chaco
160000,40000,GARCIA MEROU 200,55  m² cubie.,2 dorm.,No disponible,35 años,No disponible,argenprop,Chaco
650000,No disponible,AVALOS 900,110  m² cubie.,2 dorm.,No disponible,30 años,No disponible,argenprop,Chaco
250000,No disponible,AV HERNANDARIAS 700,40  m² cubie.,1 dorm.,No disponible,40 años,No disponible,argenprop,Chaco
450000,No disponible,"JOSE M. PAZ 2200, Piso P.B.",70  m² cubie.,1 dorm.,No disponible,A Estrenar,No disponible,argenprop,Chaco
350000,No disponible,"JOSE MARIA PAZ 2200, Piso P.A.",55  m² cubie.,2 dorm.,No disponible,A Estrenar,No disponible,argenprop,Chaco
450000,No disponible,"PATIÑO INSPECTOR 100, Piso E.P.",75  m² cubie.,2 dorm.,No disponible,No disponible,3 ambientes,argenprop,Chaco
No disponible,No disponible,"Madre Francisca Rubatto 3100, Piso PB",38  m² cubie.,1 dorm.,1 baño,No disponible,No disponible,argenprop,Cordoba
800000,No disponible,Bv san juan 200,No disponible,No disponible,No disponible,No disponible,No disponible,argenprop,Cordoba
790000,No disponible,Buenos Aires 800,No disponible,No disponible,No disponible,No disponible,No disponible,argenprop,Cordoba
550000,80000,"Chacabuco 1200, Piso 10",45  m² cubie.,1 dorm.,1 baño,No disponible,No disponible,argenprop,Cordoba
900000,120000,"Bv Chacabuco 600, Piso 14",50  m² cubie.,2 dorm.,No disponible,10 años,No disponible,argenprop,Cordoba
650000,No disponible,Buenos aires 500,No disponible,No disponible,No disponible,No disponible,No disponible,argenprop,Cordoba
480000,110000,"Obispo Trejo 1300, Piso 2",40  m² cubie.,1 dorm.,No disponible,12 años,No disponible,argenprop,Cordoba
490000,No disponible,"Fray Mamerto Esquiú 400, Piso 2",No disponible,1 dorm.,1 baño,No disponible,No disponible,argenprop,Cordoba
755000,No disponible,Buenos Aires 1200,67  m² cubie.,2 dorm.,No disponible,35 años,No disponible,argenprop,Cordoba
370000,55000,"Caseros 2900, Piso 1",45  m² cubie.,1 dorm.,No disponible,8 años,No disponible,argenprop,Cordoba
485000,50000,"Independencia 1400, Piso 2",48  m² cubie.,1 dorm.,No disponible,22 años,No disponible,argenprop,Cordoba
360000,25000,"Esmeralda 400, Piso 2",46  m² cubie.,1 dorm.,No disponible,1 año,No disponible,argenprop,Cordoba
290000,No disponible,"Mariano Fragueiro 2200, Piso 1",No disponible,No disponible,No disponible,No disponible,No disponible,argenprop,Cordoba
770000,No disponible,Obispo oro 400,No disponible,No disponible,No disponible,No disponible,No disponible,argenprop,Cordoba
690000,120000,"Bv Pres Arturo Illia 300, Piso 2",No disponible,2 dorm.,2 baños,No disponible,5 ambientes,argenprop,Cordoba
300000,No disponible,"Avenida Leandro N. Alem 900, Piso PB",30  m² cubie.,No disponible,No disponible,No disponible,No disponible,argenprop,Cordoba
800000,201000,"Dean Funes 1100, Piso 1",85  m² cubie.,3 dorm.,2 baños,No disponible,No disponible,argenprop,Cordoba
600000,180000,BV. JUAN DOMINGO PERON 1100,65  m² cubie.,2 dorm.,1 baño,No disponible,No disponible,argenprop,Cordoba
300000,45000,Obispo Salguero 100,No disponible,No disponible,1 baño,No disponible,Monoam.,argenprop,Cordoba
450000,No disponible,"San Jose De Calasanz 300, Piso 3",No disponible,No disponible,No disponible,No disponible,No disponible,argenprop,Cordoba
500000,No disponible,"HUMAUACA 100, Piso 1",No disponible,2 dorm.,1 baño,No disponible,3 ambientes,argenprop,Cordoba
700000,30000,MARCELO T DE ALVEAR 900,No disponible,3 dorm.,2 baños,No disponible,4 ambientes,argenprop,Cordoba
750000,158000,"Ituzaingo 800, Piso 8",65  m² cubie.,2 dorm.,No disponible,10 años,No disponible,argenprop,Cordoba
680000,200000,"LIMA 1600, Piso 5",No disponible,2 dorm.,1 baño,A Estrenar,No disponible,argenprop,Cordoba
450000,16000,"AV COLON 5000, Piso 3",No disponible,1 dorm.,1 baño,A Estrenar,No disponible,argenprop,Cordoba
650000,70000,"Parana 500, Piso 7",55  m² cubie.,2 dorm.,No disponible,42 años,No disponible,argenprop,Cordoba
420000,160000,"24 de septiembre 1500, Piso 5",45  m² cubie.,1 dorm.,No disponible,10 años,No disponible,argenprop,Cordoba
500000,120000,"Bv Chacabuco 1000, Piso 12",40  m² cubie.,1 dorm.,No disponible,15 años,No disponible,argenprop,Cordoba
500000,120000,"Esposos Curie 1300, Piso 4",40  m² cubie.,1 dorm.,No disponible,10 años,No disponible,argenprop,Cordoba
450000,90000,"Lima 1900, Piso 5",50  m² cubie.,1 dorm.,No disponible,15 años,No disponible,argenprop,Cordoba
500000,No disponible,"ITUZAINGO 1100, Piso 1",No disponible,1 dorm.,1 baño,No disponible,2 ambientes,argenprop,Cordoba
600000,75000,"Av. Santa Fe 300, Piso 5",45  m² cubie.,2 dorm.,No disponible,10 años,No disponible,argenprop,Cordoba
720000,205000,"Hipolito Irigoyen 300, Piso 8",100  m² cubie.,2 dorm.,No disponible,40 años,No disponible,argenprop,Cordoba
400000,No disponible,"ENFERMERA CLERMONT 300, Piso 3",No disponible,1 dorm.,1 baño,15 años,No disponible,argenprop,Cordoba
650000,120000,"Obispo Trejo 1200, Piso 7",No disponible,1 dorm.,1 baño,No disponible,No disponible,argenprop,Cordoba
650000,No disponible,"Humberto Primo 300, Piso 1",100  m² cubie.,3 dorm.,No disponible,30 años,No disponible,argenprop,Cordoba
290000,38000,Wenceslao Tejerina 2200,No disponible,1 dorm.,1 baño,No disponible,2 ambientes,argenprop,Cordoba
400000,No disponible,"Pedro Echagüe 3100, Piso PB",No disponible,2 dorm.,1 baño,No disponible,2 ambientes,argenprop,Cordoba
850000,150000,"San Lorenzo 100, Piso 8",85  m² cubie.,2 dorm.,No disponible,15 años,No disponible,argenprop,Cordoba
1300000,250000,"Colon 400, Piso 11",55  m² cubie.,2 dorm.,2 baños,No disponible,No disponible,argenprop,Cordoba
1700000,760000,"Obispo Salguero 800, Piso 8",280  m² cubie.,3 dorm.,No disponible,12 años,No disponible,argenprop,Cordoba
550000,100000,"JUJUY 1452 1400, Piso 13",No disponible,1 dorm.,1 baño,No disponible,2 ambientes,argenprop,Cordoba
730000,No disponible,Bv. San Juan 200,80  m² cubie.,1 dorm.,1 baño,No disponible,No disponible,argenprop,Cordoba
900000,280000,Chacabuco 100,130  m² cubie.,3 dorm.,3 baños,No disponible,No disponible,argenprop,Cordoba
750000,90000,"Poeta Lugones 100, Piso 12",50  m² cubie.,1 dorm.,1 baño,No disponible,No disponible,argenprop,Cordoba
650000,103000,"Bv Illia 300, Piso 2",43  m² cubie.,1 dorm.,No disponible,25 años,No disponible,argenprop,Cordoba
400000,35000,"Manuel Estrada 100, Piso 5",30  m² cubie.,1 dorm.,No disponible,44 años,No disponible,argenprop,Cordoba
380000,67000,"Mariano Fragueiro 1400, Piso 3",40  m² cubie.,1 dorm.,No disponible,14 años,No disponible,argenprop,Cordoba
350000,No disponible,"Piedra Pintada 1200, Piso 1",42  m² cubie.,2 dorm.,1 baño,No disponible,No disponible,argenprop,Cordoba
390000,70780,Ituzaingo 400,40  m² cubie.,1 dorm.,1 baño,No disponible,No disponible,argenprop,Cordoba
850000,No disponible,9 De Julio 1200,110  m² cubie.,4 dorm.,4 baños,No disponible,No disponible,argenprop,Corrientes
400000,No disponible,Belgrano 2400,38  m² cubie.,1 dorm.,No disponible,6 años,No disponible,argenprop,Corrientes
550000,No disponible,Belgrano 500,No disponible,2 dorm.,1 baño,No disponible,3 ambientes,argenprop,Corrientes
800000,140000,"9 De Julio 1200, Piso 8",No disponible,3 dorm.,2 baños,25 años,No disponible,argenprop,Corrientes
650000,50000,Bolívar 200,10  m² cubie.,3 dorm.,1 baño,No disponible,No disponible,argenprop,Corrientes
300000,No disponible,"Sourigues 100, Piso 1",35  m² cubie.,1 dorm.,1 baño,No disponible,No disponible,argenprop,Entre Rios
420000,No disponible,GOUCHON 173 ENTRE 3 DE FEBRERO Y LAVALLE,No disponible,1 dorm.,1 baño,A Estrenar,No disponible,argenprop,Entre Rios
580000,105000,Complejo Jardines de Lastenia,88  m² cubie.,3 dorm.,No disponible,7 años,No disponible,argenprop,Jujuy
700000,120000,Cacique Mariano Rosas 100,"79,80  m² cubie.",2 dorm.,No disponible,25 años,No disponible,argenprop,La Pampa
450000,No disponible,Patricias Mendocinas 2300,No disponible,No disponible,No disponible,No disponible,No disponible,argenprop,Mendoza
1037700,No disponible,MARTINEZ DE ROSAS 45 100,90  m² cubie.,2 dorm.,No disponible,No disponible,5 ambientes,argenprop,Mendoza
300000,25000,General Paz 400,No disponible,1 dorm.,No disponible,No disponible,No disponible,argenprop,Mendoza
800000,No disponible,NICOLAS AVELLANEDA 500,No disponible,3 dorm.,3 baños,No disponible,No disponible,argenprop,Mendoza
450000,No disponible,Callejón Lemos 500,No disponible,No disponible,No disponible,No disponible,No disponible,argenprop,Mendoza
430000,15000,"Jose Federico Moreno 1100, Piso PB",80  m² cubie.,No disponible,No disponible,45 años,Monoam.,argenprop,Mendoza
430000,20000,Moreno 1100,No disponible,1 dorm.,1 baño,No disponible,2 ambientes,argenprop,Mendoza
350000,45000,Patricias Mendocinas Y PEDRO MOLINA,No disponible,1 dorm.,1 baño,No disponible,No disponible,argenprop,Mendoza
634150,No disponible,Roque saenz peña,45  m² cubie.,1 dorm.,1 baño,No disponible,No disponible,argenprop,Mendoza
1960100,300000,Julio Argentino Roca 100,No disponible,3 dorm.,5 baños,20 años,No disponible,argenprop,Mendoza
510000,60000,Coronel Moldes 800,45  m² cubie.,1 dorm.,No disponible,9 años,No disponible,argenprop,Mendoza
380000,No disponible,LA RIOJA,45  m² cubie.,1 dorm.,No disponible,7 años,No disponible,argenprop,Mendoza
1729500,No disponible,MARIANO MORENO,No disponible,2 dorm.,2 baños,A Estrenar,No disponible,argenprop,Mendoza
700000,90000,Calle 25 de Mayo y Godoy Cruz,140  m² cubie.,3 dorm.,No disponible,30 años,No disponible,argenprop,Mendoza
650000,100000,ROQUE SAENZ PEÑA,70  m² cubie.,1 dorm.,No disponible,A Estrenar,No disponible,argenprop,Mendoza
634150,20000,DR.CARRILLO,72  m² cubie.,2 dorm.,No disponible,3 años,No disponible,argenprop,Mendoza
1400000,No disponible,Francisco J. Moyano,120  m² cubie.,3 dorm.,No disponible,A Estrenar,No disponible,argenprop,Mendoza
691800,100000,Edificio Presidente Recoleta,45  m² cubie.,1 dorm.,No disponible,15 años,No disponible,argenprop,Mendoza
780000,No disponible,9 DE JULIO CASI PEATONAL,60  m² cubie.,2 dorm.,No disponible,10 años,No disponible,argenprop,Mendoza
550000,No disponible,CALLE LAVALLE,60  m² cubie.,2 dorm.,No disponible,40 años,No disponible,argenprop,Mendoza
691800,90000,Patricias Mendocinas,65  m² cubie.,2 dorm.,No disponible,10 años,No disponible,argenprop,Mendoza
670000,60000,"OLASCOAGA , Piso PB",75  m² cubie.,2 dorm.,No disponible,20 años,No disponible,argenprop,Mendoza
450000,No disponible,ENTRE RIOS,75  m² cubie.,2 dorm.,No disponible,50 años,No disponible,argenprop,Mendoza
35000,34000,"Buenos Aires , Piso 4",60  m² cubie.,1 dorm.,No disponible,2025 años,No disponible,argenprop,Mendoza
800000,No disponible,"San Lorenzo , Piso 0",75  m² cubie.,2 dorm.,No disponible,2025 años,No disponible,argenprop,Mendoza
650000,200000,Junín  20,No disponible,2 dorm.,2 baños,14 años,No disponible,argenprop,Mendoza
400000,No disponible,"Ituzaingo 100, Piso 0",64  m² cubie.,2 dorm.,No disponible,2025 años,No disponible,argenprop,Mendoza
275000,25900,Cordoba 300,25  m² cubie.,1 dorm.,1 baño,No disponible,No disponible,argenprop,Mendoza
922400,No disponible,Avenida Colón 700,70  m² cubie.,2 dorm.,No disponible,25 años,No disponible,argenprop,Mendoza
1671850,50000,Avenida España 700,220  m² cubie.,3 dorm.,No disponible,45 años,No disponible,argenprop,Mendoza
922400,50000,Avenida España 700,120  m² cubie.,3 dorm.,No disponible,45 años,No disponible,argenprop,Mendoza
1270000,No disponible,"Paso de los Andes 200, Piso 0",70  m² cubie.,2 dorm.,No disponible,2025 años,No disponible,argenprop,Mendoza
420000,60000,Huarpes 100,37  m² cubie.,1 dorm.,No disponible,16 años,No disponible,argenprop,Mendoza
900000,No disponible,"Necochea 473, Mendoza, 100",95  m² cubie.,3 dorm.,No disponible,8 años,No disponible,argenprop,Mendoza
500000,90000,Avenida San Martín y Peatonal Sarmiento 1000,55  m² cubie.,2 dorm.,No disponible,25 años,No disponible,argenprop,Mendoza
461200,30000,"Rioja 1100, Piso 3",60  m² cubie.,1 dorm.,No disponible,2025 años,No disponible,argenprop,Mendoza
500000,No disponible,"Ituzaingo 2800, Piso 0",No disponible,2 dorm.,1 baño,2025 años,No disponible,argenprop,Mendoza
1037700,No disponible,Mariano Moreno 400,"90,50  m² cubie.",2 dorm.,No disponible,4 años,No disponible,argenprop,Mendoza
900000,110000,25 de Mayo 1200,85  m² cubie.,2 dorm.,No disponible,5 años,No disponible,argenprop,Mendoza
1153000,200000,Espejo 100,175  m² cubie.,6 dorm.,No disponible,52 años,No disponible,argenprop,Mendoza
550000,20000,Patricias mendocinas 2200,74  m² cubie.,3 dorm.,No disponible,35 años,No disponible,argenprop,Mendoza
580000,50000,Olegario Andrade 200,65  m² cubie.,1 dorm.,No disponible,5 años,No disponible,argenprop,Mendoza
595000,92000,Mitre 700,50  m² cubie.,1 dorm.,1 baño,No disponible,No disponible,argenprop,Mendoza
600000,No disponible,"PATRICIAS MENDOCINAS , Piso 2",120  m² cubie.,3 dorm.,No disponible,2025 años,No disponible,argenprop,Mendoza
320000,9500,Olascoaga 700,35  m² cubie.,1 dorm.,1 baño,No disponible,No disponible,argenprop,Mendoza
480000,53000,Avenida España 1100,65  m² cubie.,1 dorm.,No disponible,52 años,No disponible,argenprop,Mendoza
1153000,200000,Francisco J. Moyano 1500,"83,12  m² cubie.",2 dorm.,No disponible,19 años,No disponible,argenprop,Mendoza
1383600,300000,Coronel Rodríguez 1000,"98,76  m² cubie.",2 dorm.,No disponible,15 años,No disponible,argenprop,Mendoza
600000,82000,Avenida España 900,42  m² cubie.,1 dorm.,No disponible,19 años,No disponible,argenprop,Mendoza
600000,No disponible,Maipú 100,70  m² cubie.,2 dorm.,No disponible,35 años,No disponible,argenprop,Mendoza
300000,No disponible,Bustamante 3000,45  m² cubie.,1 dorm.,1 baño,No disponible,No disponible,argenprop,Misiones
670000,170000,"Junin 2000, Piso 9",93  m² cubie.,3 dorm.,2 baños,No disponible,No disponible,argenprop,Misiones
700000,No disponible,"FELIX DE AZARA 2000, Piso 6",63  m² cubie.,2 dorm.,2 baños,No disponible,No disponible,argenprop,Misiones
300000,No disponible,"Francisco De Haro 3100, Piso 3",65  m² cubie.,3 dorm.,1 baño,No disponible,No disponible,argenprop,Misiones
1250000,No disponible,"Departamento céntrico en alquiler, Posadas",139  m² cubie.,3 dorm.,No disponible,12 años,No disponible,argenprop,Misiones
1100000,No disponible,"Depto. de 2 dormitorios, con cochera Edificio Puerta de Alcalá 21D",97  m² cubie.,2 dorm.,No disponible,A Estrenar,No disponible,argenprop,Misiones
680000,No disponible,"Departamento de 1 dormitorio amoblado, Posadas",No disponible,1 dorm.,1 baño,A Estrenar,No disponible,argenprop,Misiones
450000,No disponible,Edif. JK,50  m² cubie.,No disponible,1 baño,A Estrenar,No disponible,argenprop,Misiones
300000,No disponible,Av. Uruguay y Av. Buchardo,60  m² cubie.,1 dorm.,No disponible,A Estrenar,No disponible,argenprop,Misiones
900000,No disponible,"Beato Roque González 800, Piso 11",65  m² cubie.,1 dorm.,1 baño,No disponible,No disponible,argenprop,Misiones
950000,No disponible,Av. Mitre,70  m² cubie.,3 dorm.,No disponible,A Estrenar,No disponible,argenprop,Misiones
1100000,No disponible,"Beato Roque González 800, Piso 5",105  m² cubie.,2 dorm.,3 baños,No disponible,No disponible,argenprop,Misiones
300000,No disponible,Av. Urquiza y Av. 115,65  m² cubie.,3 dorm.,No disponible,15 años,No disponible,argenprop,Misiones
1200000,No disponible,"Beato Roque González 800, Piso 9",105  m² cubie.,2 dorm.,3 baños,No disponible,No disponible,argenprop,Misiones
900000,No disponible,"Beato Roque González 800, Piso 12",65  m² cubie.,1 dorm.,1 baño,No disponible,No disponible,argenprop,Misiones
900000,No disponible,"López Torres 4800, Piso 12",144  m² cubie.,2 dorm.,No disponible,A Estrenar,No disponible,argenprop,Misiones
1200000,No disponible,"Beato Roque González 800, Piso 18",105  m² cubie.,2 dorm.,3 baños,No disponible,No disponible,argenprop,Misiones
600000,150000,Almafuerte 3829,60  m² cubie.,2 dorm.,No disponible,A Estrenar,No disponible,argenprop,Misiones
2500000,No disponible,"Colon 1300, Piso 15",No disponible,5 dorm.,5 baños,10 años,No disponible,argenprop,Misiones
950000,No disponible,3 DE FEBRERO 2500,145  m² cubie.,3 dorm.,4 baños,No disponible,No disponible,argenprop,Misiones
200000,No disponible,Av tacuari 7000,33  m² cubie.,1 dorm.,1 baño,No disponible,No disponible,argenprop,Misiones
350000,No disponible,Av. Lopez y Planes y Vivanco,60  m² cubie.,2 dorm.,No disponible,10 años,No disponible,argenprop,Misiones
350000,60000,Av. López y Planes y Jauretche,47  m² cubie.,1 dorm.,No disponible,A Estrenar,No disponible,argenprop,Misiones
1200000,No disponible,"Beato Roque González 800, Piso 7",105  m² cubie.,2 dorm.,3 baños,No disponible,No disponible,argenprop,Misiones
1200000,No disponible,"Beato Roque González 800, Piso 20",105  m² cubie.,2 dorm.,3 baños,No disponible,No disponible,argenprop,Misiones
750000,No disponible,"Departamento de un ormitorio + cochera, centro de Posadas",No disponible,1 dorm.,1 baño,10 años,No disponible,argenprop,Misiones
900000,No disponible,"Beato Roque González 800, Piso 10",65  m² cubie.,1 dorm.,1 baño,No disponible,No disponible,argenprop,Misiones
920000,No disponible,"Beato Roque González 800, Piso 13",65  m² cubie.,1 dorm.,1 baño,No disponible,No disponible,argenprop,Misiones
920000,No disponible,"Beato Roque González 800, Piso 14",65  m² cubie.,1 dorm.,1 baño,No disponible,No disponible,argenprop,Misiones
390000,No disponible,Av. Francisco de Haro y Ambrosetti,65  m² cubie.,1 dorm.,No disponible,A Estrenar,No disponible,argenprop,Misiones
350000,45000,Av. Corrientes casi Centenario,35  m² cubie.,1 dorm.,No disponible,A Estrenar,No disponible,argenprop,Misiones
450000,No disponible,Avila al 4400,70  m² cubie.,2 dorm.,No disponible,A Estrenar,No disponible,argenprop,Misiones
1390000,No disponible,"San Martín 2100, Piso 14",No disponible,3 dorm.,3 baños,No disponible,4 ambientes,argenprop,Misiones
2500000,No disponible,"Colon 1300, Piso 15",No disponible,5 dorm.,5 baños,10 años,No disponible,argenprop,Misiones
700000,No disponible,"Beato Roque González 800, Piso 13",No disponible,1 dorm.,1 baño,No disponible,2 ambientes,argenprop,Misiones
490000,80000,Departamento de 2 dormitorios céntrico,60  m² cubie.,2 dorm.,No disponible,A Estrenar,No disponible,argenprop,Misiones
240000,No disponible,Gran Malvina 2100,35  m² cubie.,1 dorm.,No disponible,40 años,No disponible,argenprop,Misiones
150000,No disponible,Calle 55 S/N,No disponible,1 dorm.,1 baño,No disponible,2 ambientes,argenprop,Misiones
180000,No disponible,Av. Santa Catalina 4700,25  m² cubie.,No disponible,1 baño,2 años,No disponible,argenprop,Misiones
2500000,No disponible,Colón 1300,300  m² cubie.,5 dorm.,5 baños,No disponible,No disponible,argenprop,Misiones
1200000,No disponible,Beato Roque González 800,105  m² cubie.,2 dorm.,3 baños,No disponible,No disponible,argenprop,Misiones
1100000,No disponible,Beato Roque González N°868,105  m² cubie.,2 dorm.,3 baños,No disponible,No disponible,argenprop,Misiones
250000,No disponible,Calle 168,No disponible,1 dorm.,1 baño,No disponible,2 ambientes,argenprop,Misiones
900000,No disponible,López Torrez 4800,163  m² cubie.,2 dorm.,No disponible,A Estrenar,No disponible,argenprop,Misiones
350000,No disponible,Av. Tacuarí,1  m² cubie.,2 dorm.,1 baño,No disponible,No disponible,argenprop,Misiones
1100000,No disponible,San Martín 2100,100  m² cubie.,2 dorm.,3 baños,No disponible,No disponible,argenprop,Misiones
1150000,No disponible,Beato Roque González 800,105  m² cubie.,2 dorm.,3 baños,No disponible,No disponible,argenprop,Misiones
1250000,No disponible,Colón 1900,130  m² cubie.,3 dorm.,No disponible,5 años,No disponible,argenprop,Misiones
120000,No disponible,Cuenca Cabo Primero,30  m² cubie.,1 dorm.,1 baño,No disponible,No disponible,argenprop,Misiones
850000,No disponible,Roque Gonáles 800,65  m² cubie.,1 dorm.,1 baño,No disponible,No disponible,argenprop,Misiones
700000,85000,"Doctor Luis Federico Leloir 200, Piso 3",No disponible,1 dorm.,1 baño,No disponible,No disponible,argenprop,Neuquen
1300000,No disponible,"Presidente arturo illia 400, Piso 2",No disponible,2 dorm.,1 baño,No disponible,No disponible,argenprop,Neuquen
1200000,165000,Raqui 1300,No disponible,2 dorm.,1 baño,No disponible,No disponible,argenprop,Neuquen
850000,120000,Carlos H. Rodriguez 500,No disponible,1 dorm.,1 baño,A Estrenar,No disponible,argenprop,Neuquen
1400000,170000,"SANTA FE 700, Piso 2",80  m² cubie.,2 dorm.,No disponible,25 años,No disponible,argenprop,Neuquen
870000,90000,Mendoza y Leloir,43  m² cubie.,1 dorm.,No disponible,18 años,No disponible,argenprop,Neuquen
900000,170000,"Carlos H Rodriguez 500, Piso 2",40  m² cubie.,1 dorm.,1 baño,No disponible,No disponible,argenprop,Neuquen
1700000,No disponible,"Antartida Argentina y Salta 500, Piso 3",77  m² cubie.,2 dorm.,2 baños,No disponible,No disponible,argenprop,Neuquen
2100000,No disponible,"Antartida Argentina y Salta 500, Piso 3",77  m² cubie.,2 dorm.,2 baños,No disponible,No disponible,argenprop,Neuquen
800000,No disponible,Santa Teresa 1600,48  m² cubie.,1 dorm.,No disponible,A Estrenar,No disponible,argenprop,Neuquen
1800000,No disponible,"Elordi 200, Piso 3",72  m² cubie.,2 dorm.,No disponible,5 años,No disponible,argenprop,Neuquen
1800000,No disponible,República de Italia 300,80  m² cubie.,3 dorm.,2 baños,No disponible,No disponible,argenprop,Neuquen
No disponible,No disponible,Obreros Argentinos al 300 - Alquileres en Neuquen,70  m² cubie.,2 dorm.,No disponible,A Estrenar,No disponible,argenprop,Neuquen
1300000,No disponible,San Martín 4800,80  m² cubie.,2 dorm.,1 baño,No disponible,No disponible,argenprop,Neuquen
2500000,380000,"INAL ANTU 1000, Piso 4",140  m² cubie.,2 dorm.,2 baños,No disponible,No disponible,argenprop,Neuquen
800000,98000,"TALERO 400, Piso 13",35  m² cubie.,1 dorm.,1 baño,No disponible,No disponible,argenprop,Neuquen
11,No disponible,TARIFEÑO INMOBILIARIA ALQUILA,No disponible,2 dorm.,3 baños,No disponible,No disponible,argenprop,Neuquen
1100000,No disponible,Alquiler zona Centro Julio Argentino Roca al 216,56  m² cubie.,2 dorm.,No disponible,30 años,No disponible,argenprop,Neuquen
1300000,180000,Carlos H. Rodríguez Nº565,42  m² cubie.,1 dorm.,No disponible,A Estrenar,No disponible,argenprop,Neuquen
1300000,180000,Carlos H. Rodríguez Nº565,42  m² cubie.,1 dorm.,No disponible,A Estrenar,No disponible,argenprop,Neuquen
1300000,No disponible,"Depto en alquiler, Cordoba y Alderete",55  m² cubie.,1 dorm.,No disponible,5 años,No disponible,argenprop,Neuquen
1300000,42000,"Depto 1 dor, Edificio Vitruvio Neuquen",65  m² cubie.,1 dorm.,No disponible,A Estrenar,No disponible,argenprop,Neuquen
3200000,400000,Mendoza al 100,122  m² cubie.,3 dorm.,No disponible,25 años,No disponible,argenprop,Neuquen
900000,98100,General Manuel Belgrano 600,45  m² cubie.,1 dorm.,No disponible,6 años,No disponible,argenprop,Neuquen
800000,No disponible,Roca 200,48  m² cubie.,1 dorm.,No disponible,A Estrenar,No disponible,argenprop,Neuquen
700000,No disponible,DEPARTAMENTO EN ALQUILER,22  m² cubie.,No disponible,1 baño,A Estrenar,No disponible,argenprop,Neuquen
900000,130000,Jujuy 200,50  m² cubie.,1 dorm.,No disponible,A Estrenar,No disponible,argenprop,Neuquen
1200000,No disponible,Dewey  al 200,30  m² cubie.,No disponible,1 baño,A Estrenar,No disponible,argenprop,Neuquen
No disponible,No disponible,Aaaa,No disponible,1 dorm.,No disponible,No disponible,2 ambientes,argenprop,Neuquen
1300000,120000,Julio Argentino Roca 100,65  m² cubie.,2 dorm.,No disponible,30 años,No disponible,argenprop,Neuquen
770000,90000,La Rioja 100,"28,74  m² cubie.",No disponible,1 baño,4 años,No disponible,argenprop,Neuquen
1600000,No disponible,Carlos H Rodriguez 500,60  m² cubie.,2 dorm.,No disponible,6 años,No disponible,argenprop,Neuquen
1383600,55000,Santiago Del Estero 100,48  m² cubie.,1 dorm.,No disponible,2 años,No disponible,argenprop,Neuquen
700000,120000,General Manuel Belgrano 700,30  m² cubie.,No disponible,1 baño,4 años,No disponible,argenprop,Neuquen
100000,No disponible,Mendoza 400,53  m² cubie.,1 dorm.,No disponible,6 años,No disponible,argenprop,Neuquen
850000,No disponible,Lainez 1000,50  m² cubie.,1 dorm.,No disponible,A Estrenar,No disponible,argenprop,Neuquen
2200000,230000,Brown Almirante 100,134  m² cubie.,4 dorm.,No disponible,26 años,No disponible,argenprop,Neuquen
800000,No disponible,Antartida Argentina 100,"28,75  m² cubie.",No disponible,1 baño,A Estrenar,No disponible,argenprop,Neuquen
1729500,No disponible,Mendoza 400,53  m² cubie.,1 dorm.,No disponible,6 años,No disponible,argenprop,Neuquen
1150000,45000,Juan José Castelli 200,37  m² cubie.,1 dorm.,No disponible,19 años,No disponible,argenprop,Neuquen
1100000,No disponible,Avenida Argentina 700,59  m² cubie.,2 dorm.,No disponible,35 años,No disponible,argenprop,Neuquen
1000000,160000,Sargento Cabral 300,"59,70  m² cubie.",1 dorm.,No disponible,A Estrenar,No disponible,argenprop,Neuquen
800000,No disponible,"República de Italia 100, Piso 2",40  m² cubie.,1 dorm.,1 baño,No disponible,No disponible,argenprop,Neuquen
890000,120000,Carlos H rodriguez 500,"40,71  m² cubie.",1 dorm.,No disponible,2 años,No disponible,argenprop,Neuquen
950000,130000,Obrero Argentino 100,"44,28  m² cubie.",1 dorm.,No disponible,6 años,No disponible,argenprop,Neuquen
2190700,145000,Antártida Argentina 300,47  m² cubie.,1 dorm.,No disponible,2 años,No disponible,argenprop,Neuquen
950000,120000,Carlos H. Rodríguez 500,"40,71  m² cubie.",1 dorm.,No disponible,A Estrenar,No disponible,argenprop,Neuquen
850000,160000,Intendente Santamaria 200,38  m² cubie.,1 dorm.,No disponible,7 años,No disponible,argenprop,Neuquen
1150000,100000,Mendoza 100,"42,65  m² cubie.",1 dorm.,No disponible,10 años,No disponible,argenprop,Neuquen
950000,55000,Provincia de San Juan 300,34  m² cubie.,1 dorm.,No disponible,6 años,No disponible,argenprop,Neuquen
850000,150000,"20 Febrero 100, Piso 1",No disponible,3 dorm.,2 baños,No disponible,6 ambientes,argenprop,Salta
480000,55000,"Reyes Católicos 1600, Piso 3",40  m² cubie.,No disponible,1 baño,6 años,No disponible,argenprop,Salta
550000,No disponible,"Av Belgrano 1500, Piso 1",39  m² cubie.,1 dorm.,1 baño,No disponible,No disponible,argenprop,Salta
450000,120000,"Avenida Bicentenario 800, Piso 1",43  m² cubie.,1 dorm.,1 baño,No disponible,No disponible,argenprop,Salta
691800,70000,"Dean Funes 300, Piso 3",No disponible,1 dorm.,1 baño,No disponible,2 ambientes,argenprop,Salta
No disponible,No disponible,Deán Funes 1000,No disponible,No disponible,No disponible,No disponible,No disponible,argenprop,Salta
500000,No disponible,"25 de Mayo 600, Piso 1",No disponible,1 dorm.,No disponible,No disponible,2 ambientes,argenprop,Salta
550000,65000,Exc depto 1 dor alq bcon/asador/gge/SUM Dean Funes 1200,52  m² cubie.,1 dorm.,1 baño,No disponible,No disponible,argenprop,Salta
650000,85000,Exc depto 3 dorm bcon alq amoblado B° Casino Av,98  m² cubie.,3 dorm.,No disponible,40 años,No disponible,argenprop,Salta
450000,No disponible,GRAND BOURG,No disponible,No disponible,No disponible,No disponible,No disponible,argenprop,Salta
No disponible,No disponible,"Vicente López 300, Piso 2",No disponible,No disponible,No disponible,No disponible,No disponible,argenprop,Salta
320000,No disponible,ALQUILER MONOAMBIENTE ZONA NORTE,27  m² cubie.,No disponible,1 baño,8 años,No disponible,argenprop,Salta
576500,No disponible,BUENOS AIRES 100,50  m² cubie.,1 dorm.,No disponible,15 años,No disponible,argenprop,Salta
500000,No disponible,San Lorenzo Chico,No disponible,No disponible,No disponible,No disponible,Monoam.,argenprop,Salta
400000,34100,"Arenales 700, Piso 8 803",33  m² cubie.,No disponible,1 baño,No disponible,Monoam.,argenprop,Salta
700000,No disponible,Indalecio Gomez 100,No disponible,2 dorm.,1 baño,No disponible,5 ambientes,argenprop,Salta
714860,75000,Exc. Depto 1 Dorm Alq Balcón/gge Dean Funes 1300,56  m² cubie.,1 dorm.,No disponible,10 años,No disponible,argenprop,Salta
600000,55000,Exc. Depto Dos Dorm alq. Lavadero Caseros 700,64  m² cubie.,2 dorm.,No disponible,35 años,No disponible,argenprop,Salta
No disponible,No disponible,"Caseros 200, Piso 3",No disponible,No disponible,No disponible,No disponible,No disponible,argenprop,Salta
350000,24000,Av. Asunción 100,30  m² cubie.,1 dorm.,No disponible,1 año,No disponible,argenprop,Salta
500000,75000,Muy Lindo Depto 1 Dorm alq Amenities Leguizamon 1400,50  m² cubie.,1 dorm.,No disponible,6 años,No disponible,argenprop,Salta
500000,40000,"Calle 20 de Febrero 800, Piso 7",No disponible,No disponible,1 baño,No disponible,Monoam.,argenprop,Salta
500000,55000,Alvarado Dpto 1 Dor C/coch 1900,45  m² cubie.,1 dorm.,No disponible,7 años,No disponible,argenprop,Salta
400000,55000,"Alsina 300, Piso 4",27  m² cubie.,No disponible,1 baño,4 años,No disponible,argenprop,Salta
850000,130000,Av. Belgrano,No disponible,2 dorm.,2 baños,No disponible,3 ambientes,argenprop,Salta
700000,85000,"Av Belgrano 2300, Piso 1",73  m² cubie.,1 dorm.,No disponible,8 años,No disponible,argenprop,Salta
450000,45000,"Alquiler Monoambiente amoblado calle Juramento 1500, Piso 3",32  m² cubie.,No disponible,1 baño,16 años,No disponible,argenprop,Salta
550000,28000,Alquiler departamento Ampliacion Intersindical,67  m² cubie.,2 dorm.,No disponible,30 años,No disponible,argenprop,Salta
600000,No disponible,Alquiler monoambiente amoblado San Lorenzo Chico,35  m² cubie.,No disponible,1 baño,A Estrenar,No disponible,argenprop,Salta
No disponible,No disponible,LOS EUCALIPTUS 600,64  m² cubie.,3 dorm.,1 baño,No disponible,No disponible,argenprop,Salta
800000,90000,Necochea 300,67  m² cubie.,2 dorm.,No disponible,4 años,No disponible,argenprop,Salta
600000,No disponible,Depto 1 Dorm Amoblado En Alquiler Calle Pellegrini,No disponible,1 dorm.,1 baño,No disponible,2 ambientes,argenprop,Salta
1200000,No disponible,Depto 3 Dorm Amoblado En Alquiler Calle Pellegrini,No disponible,3 dorm.,2 baños,No disponible,4 ambientes,argenprop,Salta
750000,No disponible,"Bolivar 400, Piso 4",80  m² cubie.,2 dorm.,2 baños,No disponible,No disponible,argenprop,Salta
490000,No disponible,Alquiler Loft zona sur Via Aurelia,100  m² cubie.,1 dorm.,No disponible,5 años,No disponible,argenprop,Salta
650000,No disponible,Monoambiente en alquiler San Lorenzo Chico,35  m² cubie.,No disponible,1 baño,No disponible,Monoam.,argenprop,Salta
750000,No disponible,Departamento 2 dormitorios en alquiler Av.Belgrano,No disponible,2 dorm.,2 baños,No disponible,3 ambientes,argenprop,Salta
650000,No disponible,Departamento un dormitorio en alquiler Pueyrredon,No disponible,1 dorm.,1 baño,No disponible,2 ambientes,argenprop,Salta
700000,No disponible,Departamento dos dormitorios en alquiler calle Nec,76  m² cubie.,2 dorm.,1 baño,No disponible,No disponible,argenprop,Salta
900000,145000,"Ameghino Al 200 Hermoso Dpto 3 Dor, 1 Suite C/coch 200",95  m² cubie.,3 dorm.,No disponible,7 años,No disponible,argenprop,Salta
330000,65000,"Urbanización Vía Aurelia , Piso 1",No disponible,No disponible,1 baño,2 años,Monoam.,argenprop,Salta
1268300,100000,"20 De Febrero 1100, Piso 5",No disponible,2 dorm.,1 baño,No disponible,3 ambientes,argenprop,Salta
600000,206000,Gral. Güemes 1800,70  m² cubie.,1 dorm.,No disponible,15 años,No disponible,argenprop,Salta
650000,No disponible,Tres Cerritos - Júncaros 350,No disponible,3 dorm.,No disponible,No disponible,No disponible,argenprop,Salta
750000,No disponible,Belgica y Paraguay,No disponible,3 dorm.,No disponible,No disponible,No disponible,argenprop,Salta
320000,No disponible,Bº Scalabrini Ortiz,No disponible,1 dorm.,No disponible,No disponible,No disponible,argenprop,Salta
400000,No disponible,B* Bancario,No disponible,2 dorm.,No disponible,No disponible,No disponible,argenprop,Salta
807100,60000,"Av Belgrano 900, Piso 7",55  m² cubie.,1 dorm.,No disponible,2 años,No disponible,argenprop,Salta
1153000,112000,"Av Belgrano 900, Piso 7",82  m² cubie.,2 dorm.,No disponible,10 años,No disponible,argenprop,Salta
1383600,110000,"Av Belgrano 900, Piso 11",125  m² cubie.,2 dorm.,No disponible,7 años,No disponible,argenprop,Salta
500000,60000,"LAPRIDA, FRANCISCO N. OESTE 500, Piso 4",70  m² cubie.,2 dorm.,1 baño,No disponible,No disponible,argenprop,San Juan
500000,No disponible,9 de julio 200,10  m² cubie.,2 dorm.,1 baño,No disponible,No disponible,argenprop,San Juan
400000,No disponible,"LAPRIDA, FRANCISCO N. OESTE 1300",10  m² cubie.,2 dorm.,1 baño,No disponible,No disponible,argenprop,San Juan
350000,No disponible,General Acha Sur 300,65  m² cubie.,2 dorm.,No disponible,No disponible,3 ambientes,argenprop,San Juan
330000,No disponible,"Caseos 600, Piso 2",10  m² cubie.,1 dorm.,1 baño,No disponible,No disponible,argenprop,San Juan
650000,No disponible,"Av libertador 2000, Piso 2",10  m² cubie.,2 dorm.,No disponible,No disponible,3 ambientes,argenprop,San Juan
450000,No disponible,"DE LA ROZA, JOSE IGNACIO ESTE 100",41  m² cubie.,1 dorm.,No disponible,No disponible,2 ambientes,argenprop,San Juan
330000,No disponible,Tomas Jofre 800,No disponible,No disponible,No disponible,No disponible,Monoam.,argenprop,San Luis
430000,No disponible,Ministro Berrondo 100,No disponible,2 dorm.,1 baño,No disponible,3 ambientes,argenprop,San Luis
400000,No disponible,Pasaje remedios de escalada de san martin 1400,No disponible,2 dorm.,1 baño,No disponible,3 ambientes,argenprop,San Luis
700000,No disponible,"Junin 1300, Piso 8",100  m² cubie.,3 dorm.,3 baños,No disponible,No disponible,argenprop,San Luis
360000,No disponible,Heroes de Malvinas 100,No disponible,2 dorm.,1 baño,No disponible,3 ambientes,argenprop,San Luis
280000,No disponible,Constitucion 1100,No disponible,1 dorm.,1 baño,No disponible,No disponible,argenprop,San Luis
380000,No disponible,Balcarce 500,70  m² cubie.,2 dorm.,1 baño,No disponible,No disponible,argenprop,San Luis
320000,No disponible,Pasaje Teniente Ibañez 500,37  m² cubie.,1 dorm.,1 baño,No disponible,No disponible,argenprop,San Luis
300000,No disponible,"La Rioja 1330 , Piso 1",37  m² cubie.,1 dorm.,1 baño,No disponible,No disponible,argenprop,San Luis
280000,No disponible,"Colon 700, Piso 2",No disponible,1 dorm.,1 baño,No disponible,2 ambientes,argenprop,San Luis
230000,No disponible,PASAJE ALTO PENCOSO,No disponible,1 dorm.,1 baño,No disponible,2 ambientes,argenprop,San Luis
420000,No disponible,Lavalle 1300,No disponible,1 dorm.,1 baño,No disponible,2 ambientes,argenprop,San Luis
No disponible,No disponible,Mendoza 800,No disponible,2 dorm.,1 baño,No disponible,3 ambientes,argenprop,San Luis
532875,45128,"Semipiso alto, amplio estar comedor, cocina indep, escritorio, dormitorio con placard y dos balcones",43  m² cubie.,1 dorm.,No disponible,5 años,No disponible,argenprop,Santa fe
659750,50000,"Planta Baja, entrada indep, cocina equipada, dos dormitorios con placard, antebaño baño y patiecito",51  m² cubie.,2 dorm.,No disponible,11 años,No disponible,argenprop,Santa fe
761250,73208,"ENTRADA INDEPENDIENTE, JARDÍN EN ESQUINA, ESTAR COMEDOR, COCINA, DOS DORMITORIOS, EQUIPADO",56  m² cubie.,2 dorm.,No disponible,11 años,No disponible,argenprop,Santa fe
609000,43433,"Muy luminoso, en esquina con tres balcones equipado con cocina y calefactor",51  m² cubie.,2 dorm.,No disponible,18 años,No disponible,argenprop,Santa fe
761250,80000,"Semipiso estar comedor con balcon, cocina, escritorio, 2 baños, 2 dorm con placard, balcon lavadero",68  m² cubie.,2 dorm.,No disponible,5 años,No disponible,argenprop,Santa fe
537950,62397,"PARA ESTUDIAR O TRABAJAR, LUMINOSO, AMPLIO, CON BALCONES, EQUIPADO, A PASOS DE LA COSTANERA",53  m² cubie.,1 dorm.,No disponible,11 años,No disponible,argenprop,Santa fe
456750,27369,"LUMINOSO CON BALCON AL FRENTE, PLACARD Y COCINA A ESTRENAR",38  m² cubie.,1 dorm.,No disponible,A Estrenar,No disponible,argenprop,Santa fe
456750,25369,"SUPER LUMINOSO BALCON AL FRENTE, PLACARD Y COCINA A ESTRENAR",40  m² cubie.,1 dorm.,No disponible,A Estrenar,No disponible,argenprop,Santa fe
456750,27906,AMPLIO CON BALCON COCINA LAVADERO SECTORIZADA A ESTRENAR,40  m² cubie.,1 dorm.,No disponible,A Estrenar,No disponible,argenprop,Santa fe
456750,27900,"AMPLIO BALCON EN 2 PISO, COCINA LAV, SECTORIZADA A ESTRENAR",40  m² cubie.,1 dorm.,No disponible,A Estrenar,No disponible,argenprop,Santa fe
480000,No disponible,Juan de Garay 2808,No disponible,2 dorm.,1 baño,A Estrenar,No disponible,argenprop,Santa fe
756000,100000,Alquiler Dpto 3 dormis en Peatonal!,No disponible,3 dorm.,1 baño,A Estrenar,No disponible,argenprop,Santa fe
550000,No disponible,Monseñor Zaspe al 2800,46  m² cubie.,2 dorm.,No disponible,30 años,No disponible,argenprop,Santa fe
450000,9700,Obispo Boneo  al 585 - 1° PISO U4,40  m² cubie.,1 dorm.,No disponible,16 años,No disponible,argenprop,Santa fe
341500,No disponible,Av. French 369,40  m² cubie.,1 dorm.,No disponible,A Estrenar,No disponible,argenprop,Santa fe
960000,115000,Amarras Center IV,75  m² cubie.,2 dorm.,No disponible,A Estrenar,No disponible,argenprop,Santa fe
399000,No disponible,Alquiler interno San Jerónimo 3900,No disponible,1 dorm.,1 baño,A Estrenar,No disponible,argenprop,Santa fe
400000,122000,"AV J.J. PASO 2900, Piso 8",No disponible,3 dorm.,1 baño,No disponible,4 ambientes,argenprop,Santa fe
700000,No disponible,"SAN LORENZO 2200, Piso PA",No disponible,2 dorm.,No disponible,No disponible,3 ambientes,argenprop,Santa fe
1000000,230000,"BV. GALVEZ 1100, Piso 2",No disponible,2 dorm.,2 baños,No disponible,3 ambientes,argenprop,Santa fe
650000,140000,"FRANCIA 2600, Piso 18",No disponible,1 dorm.,1 baño,No disponible,2 ambientes,argenprop,Santa fe
600000,150000,San Martin  al 1800,70  m² cubie.,2 dorm.,No disponible,40 años,No disponible,argenprop,Santa fe
230000,No disponible,PJE ALBERTI al 500,No disponible,No disponible,1 baño,50 años,Monoam.,argenprop,Santa fe
650000,35000,"Urquiza 2300, Piso 3",40  m² cubie.,1 dorm.,No disponible,2025 años,No disponible,argenprop,Santa fe
600000,40000,"Francia 2600, Piso 10",39  m² cubie.,1 dorm.,No disponible,2025 años,No disponible,argenprop,Santa fe
600000,No disponible,"Urquiza 2300, Piso 1",No disponible,2 dorm.,1 baño,2025 años,No disponible,argenprop,Santa fe
590000,136000,Saavedra  al 2300,No disponible,2 dorm.,1 baño,30 años,No disponible,argenprop,Santa fe
380000,No disponible,SAN MARTIN al 1800,No disponible,1 dorm.,1 baño,30 años,No disponible,argenprop,Santa fe
300000,No disponible,Irigoyen Freyre 2600,21  m² cubie.,No disponible,1 baño,35 años,No disponible,argenprop,Santa fe
450000,25000,Irigoyen Freyre 2641 2600,40  m² cubie.,2 dorm.,No disponible,38 años,No disponible,argenprop,Santa fe
1400000,270000,Sara Pinasco de Julierac 1700,90  m² cubie.,2 dorm.,No disponible,1 año,No disponible,argenprop,Santa fe
570000,No disponible,"Las Heras 4900, Piso 2",65  m² cubie.,2 dorm.,No disponible,2025 años,No disponible,argenprop,Santa fe
900000,60000,9 de Julio 2300,108  m² cubie.,3 dorm.,No disponible,30 años,No disponible,argenprop,Santa fe
500000,30000,San Lorenzo 2200,45  m² cubie.,1 dorm.,No disponible,35 años,No disponible,argenprop,Santa fe
600000,45000,Calle Francia 2200,49  m² cubie.,1 dorm.,No disponible,3 años,No disponible,argenprop,Santa fe
750000,180000,San Lorenzo 2700,140  m² cubie.,3 dorm.,No disponible,19 años,No disponible,argenprop,Santa fe
600000,30000,San Jeronimo al 4300,80  m² cubie.,3 dorm.,No disponible,35 años,No disponible,argenprop,Santa fe
400000,50000,Gobernador Crespo 3900,50  m² cubie.,1 dorm.,No disponible,16 años,No disponible,argenprop,Santa fe
500000,50000,Monseñor Zazpe 2800,40  m² cubie.,1 dorm.,No disponible,10 años,No disponible,argenprop,Santa fe
1350000,200000,San Martín 1900,108  m² cubie.,3 dorm.,No disponible,18 años,No disponible,argenprop,Santa fe
620000,50000,9 de Julio 2000,42  m² cubie.,1 dorm.,No disponible,5 años,No disponible,argenprop,Santa fe
950000,No disponible,"BELGRANO 3100, Piso 3",No disponible,3 dorm.,No disponible,No disponible,4 ambientes,argenprop,Santa fe
1200000,140000,"SAN GERONIMO 1200, Piso 7",No disponible,3 dorm.,3 baños,No disponible,4 ambientes,argenprop,Santa fe
420000,45000,"4 DE ENERO 2800, Piso 2",No disponible,1 dorm.,1 baño,No disponible,2 ambientes,argenprop,Santa fe
950000,195000,"1 DE MAYO 2500, Piso 4",120  m² cubie.,3 dorm.,2 baños,No disponible,No disponible,argenprop,Santa fe
600000,No disponible,"1 DE MAYO 1600, Piso 1",No disponible,2 dorm.,2 baños,No disponible,3 ambientes,argenprop,Santa fe
550000,50000,Gobernador Crespo 3900,60  m² cubie.,2 dorm.,No disponible,16 años,No disponible,argenprop,Santa fe
230000,No disponible,Alberti 570 P1 - D4,30  m² cubie.,No disponible,1 baño,40 años,No disponible,argenprop,Santa fe
430000,85000,1ro de Mayo al 3000,40  m² cubie.,1 dorm.,No disponible,3 años,No disponible,argenprop,Santa fe
950000,200000,Boulevard Pellegrini 2400,"72,85  m² cubie.",2 dorm.,No disponible,3 años,No disponible,argenprop,Santa fe
850000,No disponible,"9 DE JULIO 200, Piso 4",50  m² cubie.,No disponible,1 baño,4 años,No disponible,argenprop,Tierra del fuego
780000,90000,GDOR. CAMPOS 1300,30  m² cubie.,No disponible,1 baño,4 años,No disponible,argenprop,Tierra del fuego
700000,No disponible,"BOUCHARD 300, Piso 1",30  m² cubie.,No disponible,1 baño,4 años,No disponible,argenprop,Tierra del fuego
1100000,No disponible,"Av. Leandro Alem 800, Piso 1",40  m² cubie.,2 dorm.,1 baño,No disponible,No disponible,argenprop,Tierra del fuego
1825000,No disponible,"Presidente Bernardino Rivadavia 100, Piso 2",90  m² cubie.,2 dorm.,No disponible,14 años,No disponible,argenprop,Tierra del fuego
890000,No disponible,"Walanika 300, Piso 3",45  m² cubie.,1 dorm.,No disponible,10 años,No disponible,argenprop,Tierra del fuego
700000,No disponible,"Antonio Berni 4100, Piso 1",45  m² cubie.,1 dorm.,No disponible,6 años,No disponible,argenprop,Tierra del fuego
700000,No disponible,"Avenida Leandro Alem 4400, Piso 1",40  m² cubie.,1 dorm.,No disponible,7 años,No disponible,argenprop,Tierra del fuego
1550000,No disponible,Akainik 800,94  m² cubie.,2 dorm.,No disponible,14 años,No disponible,argenprop,Tierra del fuego
850000,70000,"AV BELGRANO 4500, Piso 8",37  m² cubie.,No disponible,1 baño,No disponible,Monoam.,argenprop,Tucuman
500000,75000,"PASAJE TAGLE 3900, Piso 1",80  m² cubie.,2 dorm.,2 baños,No disponible,No disponible,argenprop,Tucuman
180000,40000,"Av. Roca 1800, Piso 1",17  m² cubie.,No disponible,1 baño,No disponible,Monoam.,argenprop,Tucuman
260000,180000,"Catamarca 100, Piso 2",38  m² cubie.,1 dorm.,1 baño,No disponible,No disponible,argenprop,Tucuman
200000,50000,"Av. Siria 1200, Piso 2",29  m² cubie.,No disponible,1 baño,No disponible,Monoam.,argenprop,Tucuman
170000,50000,"CRISOSTOMO ALVAREZ 2500, Piso PB",30  m² cubie.,No disponible,1 baño,No disponible,Monoam.,argenprop,Tucuman
180000,20000,"Bernabe Araoz 100, Piso 4",30  m² cubie.,No disponible,1 baño,No disponible,Monoam.,argenprop,Tucuman
350000,180000,"SAN LORENZO 900, Piso 6",42  m² cubie.,2 dorm.,1 baño,No disponible,No disponible,argenprop,Tucuman
300000,No disponible,JUAN PADROS 500,70  m² cubie.,3 dorm.,1 baño,No disponible,No disponible,argenprop,Tucuman
320000,40000,Crisostomo Alvarez 800,33  m² cubie.,1 dorm.,1 baño,No disponible,No disponible,argenprop,Tucuman
200000,No disponible,Pasaje Sarratea 200,40  m² cubie.,1 dorm.,No disponible,No disponible,2 ambientes,argenprop,Tucuman
400000,134000,Las Piedras 1000,120  m² cubie.,2 dorm.,No disponible,No disponible,3 ambientes,argenprop,Tucuman
500000,No disponible,Honduras 100,50  m² cubie.,No disponible,No disponible,No disponible,Monoam.,argenprop,Tucuman
430000,37000,General Paz 900,55  m² cubie.,1 dorm.,No disponible,No disponible,2 ambientes,argenprop,Tucuman
390000,27000,Jujuy  E 200,65  m² cubie.,1 dorm.,No disponible,No disponible,2 ambientes,argenprop,Tucuman
400000,43000,Bernabe Araoz C 100,55  m² cubie.,1 dorm.,No disponible,No disponible,2 ambientes,argenprop,Tucuman
700000,65000,AMADOR LUCERO A 100,112  m² cubie.,2 dorm.,No disponible,No disponible,3 ambientes,argenprop,Tucuman
420000,30000,Jujuy C 200,55  m² cubie.,1 dorm.,No disponible,No disponible,2 ambientes,argenprop,Tucuman
350000,50000,San Lorenzo 800,65  m² cubie.,1 dorm.,No disponible,No disponible,2 ambientes,argenprop,Tucuman
420000,30000,Jujuy  D 200,46  m² cubie.,1 dorm.,No disponible,No disponible,2 ambientes,argenprop,Tucuman
550000,170000,Corrientes 500,120  m² cubie.,2 dorm.,No disponible,No disponible,3 ambientes,argenprop,Tucuman
500000,No disponible,Laprida 400,65  m² cubie.,2 dorm.,No disponible,40 años,No disponible,argenprop,Tucuman
650000,No disponible,Av. Belgrano 3300,70  m² cubie.,3 dorm.,1 baño,No disponible,No disponible,argenprop,Tucuman
200000,No disponible,Pellegrini 300,No disponible,No disponible,No disponible,No disponible,Monoam.,argenprop,Tucuman
250000,No disponible,"Chile 200, Piso 1",50  m² cubie.,2 dorm.,1 baño,No disponible,No disponible,argenprop,Tucuman
315000,26000,CRISóSTOMO ÁLVAREZ 1600,60  m² cubie.,1 dorm.,No disponible,No disponible,2 ambientes,argenprop,Tucuman
300000,50000,General Paz 1000,60  m² cubie.,1 dorm.,No disponible,No disponible,2 ambientes,argenprop,Tucuman
420000,No disponible,Jujuy C 200,55  m² cubie.,1 dorm.,No disponible,No disponible,2 ambientes,argenprop,Tucuman
420000,30000,Jujuy  D 200,46  m² cubie.,1 dorm.,No disponible,No disponible,2 ambientes,argenprop,Tucuman
630000,No disponible,Las Heras A 400,145  m² cubie.,2 dorm.,2 baños,No disponible,No disponible,argenprop,Tucuman
450000,63000,Amador Lucero B 100,61  m² cubie.,1 dorm.,1 baño,No disponible,No disponible,argenprop,Tucuman
380000,60000,CRISOSTOMO ALVAREZ 500,65  m² cubie.,1 dorm.,No disponible,No disponible,2 ambientes,argenprop,Tucuman
600000,115000,AYACUCHO 300,No disponible,2 dorm.,No disponible,No disponible,3 ambientes,argenprop,Tucuman
400000,21000,LAS HERAS 400,No disponible,1 dorm.,No disponible,No disponible,2 ambientes,argenprop,Tucuman
420000,No disponible,Jujuy B 200,60  m² cubie.,No disponible,No disponible,No disponible,Monoam.,argenprop,Tucuman
440000,46000,Av. Soldati A 200,65  m² cubie.,1 dorm.,No disponible,No disponible,2 ambientes,argenprop,Tucuman
430000,No disponible,Las Heras C 400,70  m² cubie.,1 dorm.,No disponible,No disponible,2 ambientes,argenprop,Tucuman
630000,No disponible,Las Heras A 400,145  m² cubie.,2 dorm.,2 baños,No disponible,No disponible,argenprop,Tucuman
500000,80000,General Paz 1000,No disponible,2 dorm.,No disponible,No disponible,3 ambientes,argenprop,Tucuman
450000,63000,Amador Lucero B 100,61  m² cubie.,1 dorm.,No disponible,1 año,No disponible,argenprop,Tucuman
380000,No disponible,Barrio Oeste 2,70  m² cubie.,2 dorm.,No disponible,No disponible,3 ambientes,argenprop,Tucuman
350000,40000,Avenida Mate de Luna 1600,25  m² cubie.,No disponible,1 baño,8 años,No disponible,argenprop,Tucuman
240000,20000,Bernardino Rivadavia 1200,35  m² cubie.,1 dorm.,No disponible,10 años,No disponible,argenprop,Tucuman
160843500,No disponible,Avenida Manuel Belgrano 4500,"81,54  m² cubie.",1 dorm.,No disponible,1 año,No disponible,argenprop,Tucuman
370000,25000,Bernardino Rivadavia 1200,35  m² cubie.,2 dorm.,No disponible,10 años,No disponible,argenprop,Tucuman
550000,No disponible,"SANCHEZ DE BUSTAMANTE 2000, Piso 3",39  m² cubie.,1 dorm.,No disponible,40 años,No disponible,argenprop,Caba
1383600,230000,"Rodriguez Peña 2000, Piso 4",86  m² cubie.,No disponible,3 baños,No disponible,Monoam.,argenprop,Caba
1383600,No disponible,"JERÓNIMO SALGUERO 2100, Piso 8",90  m² cubie.,No disponible,No disponible,No disponible,No disponible,argenprop,Caba
1000000,200000,Silvio L Ruggieri  al 2900,48  m² cubie.,1 dorm.,No disponible,20 años,No disponible,argenprop,Caba
500000,145000,"SANTA FE AV. 4400, Piso 5",42  m² cubie.,1 dorm.,1 baño,No disponible,No disponible,argenprop,Caba
950000,250000,"JUNCAL 2800, Piso 5",75  m² cubie.,3 dorm.,2 baños,No disponible,No disponible,argenprop,Caba
900000,208030,"Malvinas Argentinas 400, Piso 7",46  m² cubie.,1 dorm.,No disponible,10 años,No disponible,argenprop,Caba
390000,106000,French 2900,36  m² cubie.,1 dorm.,No disponible,50 años,No disponible,argenprop,Caba
480000,72000,"Avenida Córdoba 1800, Piso 8",35  m² cubie.,No disponible,1 baño,40 años,No disponible,argenprop,Caba
590000,120000,Doctor Tomás Manuel De Anchorena 1300,36  m² cubie.,No disponible,1 baño,A Estrenar,No disponible,argenprop,Caba
630000,No disponible,Avenida Luis María Campos 300,45  m² cubie.,1 dorm.,No disponible,No disponible,2 ambientes,argenprop,Caba
450000,130000,"Gorriti 3600, Piso 8",40  m² cubie.,No disponible,No disponible,3 años,Monoam.,argenprop,Caba
900000,135000,"AVENIDA HONDURAS 3800, Piso 5",70  m² cubie.,2 dorm.,1 baño,No disponible,No disponible,argenprop,Caba
420000,95000,"Presidente José Evaristo Uriburu 1200, Piso 4",30  m² cubie.,No disponible,1 baño,40 años,No disponible,argenprop,Caba
390000,150000,"Gallo 900, Piso 1",No disponible,No disponible,No disponible,8 años,Monoam.,argenprop,Caba
850000,170000,"Av. Pueyrredon 2400, Piso 11",50  m² cubie.,2 dorm.,No disponible,50 años,No disponible,argenprop,Caba
600000,106000,Austria 2300,No disponible,1 dorm.,1 baño,40 años,No disponible,argenprop,Caba
400000,110000,Arenales 2800,No disponible,1 dorm.,1 baño,40 años,No disponible,argenprop,Caba
1250000,No disponible,Dr. Nicolas Repetto 500,74  m² cubie.,2 dorm.,No disponible,A Estrenar,No disponible,argenprop,Caba
520000,190000,"Avenida Santa Fe 2300, Piso 7",No disponible,1 dorm.,1 baño,45 años,No disponible,argenprop,Caba
550000,200000,"Mitre 500, Piso 13",85  m² cubie.,2 dorm.,No disponible,65 años,No disponible,argenprop,Rosario
820000,230000,"Torre Arealis - Puerto Norte , Piso 05",50  m² cubie.,1 dorm.,1 baño,No disponible,No disponible,argenprop,Rosario
250000,45000,"Pasco 700, Piso 5",No disponible,1 dorm.,1 baño,No disponible,2 ambientes,argenprop,Rosario
1500000,300000,"Av. Carballo 100, Piso 8",112  m² cubie.,3 dorm.,No disponible,8 años,No disponible,argenprop,Rosario
600000,105000,Rioja  al 1400,101  m² cubie.,3 dorm.,No disponible,A Estrenar,No disponible,argenprop,Rosario
590000,135000,"BUENOS AIRES 1300, Piso 06",61  m² cubie.,2 dorm.,2 baños,No disponible,No disponible,argenprop,Rosario
600000,50000,"ITALIA 1600, Piso 1",62  m² cubie.,2 dorm.,1 baño,No disponible,No disponible,argenprop,Rosario
600000,120000,"BV. OROÑO 1100, Piso 2",55  m² cubie.,2 dorm.,No disponible,50 años,No disponible,argenprop,Rosario
390000,52000,Juan Manuel De Rosas 1600,60  m² cubie.,2 dorm.,1 baño,No disponible,No disponible,argenprop,Rosario
400000,60000,"Viamonte 900, Piso 7",42  m² cubie.,1 dorm.,1 baño,No disponible,No disponible,argenprop,Rosario
320000,38000,"Pasco 1800, Piso 3",42  m² cubie.,1 dorm.,No disponible,7 años,No disponible,argenprop,Rosario
420000,No disponible,Montevideo 300,40  m² cubie.,1 dorm.,1 baño,No disponible,No disponible,argenprop,Rosario
475000,No disponible,CHACABUCO al 1600,65  m² cubie.,2 dorm.,No disponible,20 años,No disponible,argenprop,Rosario
290000,140000,"ENTRE RIOS 2000, Piso 3",No disponible,1 dorm.,1 baño,35 años,No disponible,argenprop,Rosario
520000,90000,Balcarce 200,50  m² cubie.,1 dorm.,No disponible,8 años,No disponible,argenprop,Rosario
220000,40000,"Paraguay A 1800, Piso 4",30  m² cubie.,No disponible,1 baño,15 años,No disponible,argenprop,Rosario
290000,40000,"ZEBALLOS 1200, Piso 7",No disponible,No disponible,No disponible,15 años,Monoam.,argenprop,Rosario
400000,No disponible,"Cochabamba 300, Piso 2",No disponible,1 dorm.,No disponible,A Estrenar,3 ambientes,argenprop,Rosario
450000,No disponible,Corrientes   1596,55  m² cubie.,2 dorm.,No disponible,30 años,No disponible,argenprop,Rosario
280000,No disponible,Bv. Oroño al 1400,No disponible,1 dorm.,1 baño,20 años,No disponible,argenprop,Rosario
550000,No disponible,Mitre 1000,No disponible,2 dorm.,2 baños,No disponible,2 ambientes,argenprop,Rosario
520000,63000,"Montevideo 1400, Piso 2",73  m² cubie.,3 dorm.,No disponible,50 años,No disponible,argenprop,Rosario
950000,No disponible,La Paz al 200,80  m² cubie.,2 dorm.,No disponible,14 años,No disponible,argenprop,Rosario
1800000,600000,"Wheelwright 1400, Piso 9",170  m² cubie.,4 dorm.,No disponible,15 años,No disponible,argenprop,Rosario
750000,50702,Cochabamba al 800,53  m² cubie.,2 dorm.,No disponible,13 años,No disponible,argenprop,Rosario
695000,No disponible,Moreno 100,No disponible,2 dorm.,1 baño,15 años,No disponible,argenprop,Rosario
350000,No disponible,Rodriguez 1315,35  m² cubie.,1 dorm.,No disponible,A Estrenar,No disponible,argenprop,Rosario
270000,No disponible,Francia 700,No disponible,No disponible,1 baño,5 años,Monoam.,argenprop,Rosario
400000,No disponible,Brown 1932,40  m² cubie.,1 dorm.,No disponible,15 años,No disponible,argenprop,Rosario
430000,48000,"Doctor Luis Vila 700, Piso 02",35  m² cubie.,1 dorm.,No disponible,6 años,No disponible,argenprop,Rosario
280000,75000,BV. AVELLANEDA al 1200,32  m² cubie.,No disponible,1 baño,4 años,No disponible,argenprop,Rosario
400000,59000,1 de MAYO  al 1300,38  m² cubie.,1 dorm.,No disponible,18 años,No disponible,argenprop,Rosario
380000,45000,"Santiago 700, Piso 1",No disponible,1 dorm.,1 baño,10 años,No disponible,argenprop,Rosario
270000,No disponible,3 de Febrero 1800,No disponible,No disponible,1 baño,No disponible,Monoam.,argenprop,Rosario
310000,No disponible,"Juan manuel de rosas 1100, Piso 4",40  m² cubie.,1 dorm.,No disponible,20 años,No disponible,argenprop,Rosario
220000,No disponible,RIOJA 2800,No disponible,No disponible,No disponible,No disponible,Monoam.,argenprop,Rosario
550000,50000,"MAIPU 900, Piso 1",38  m² cubie.,1 dorm.,1 baño,No disponible,No disponible,argenprop,Rosario
280000,50000,"San Lorenzo 1600, Piso 7",No disponible,No disponible,1 baño,No disponible,Monoam.,argenprop,Rosario
630000,80000,"TUCUMAN 1500, Piso 9",No disponible,1 dorm.,1 baño,8 años,No disponible,argenprop,Rosario
390000,65000,"Av. FRANCIA 700, Piso 10",No disponible,1 dorm.,1 baño,No disponible,2 ambientes,argenprop,Rosario
660000,49000,Balcarce y Brown,45  m² cubie.,1 dorm.,No disponible,2 años,No disponible,argenprop,Rosario
320000,No disponible,"Moreno 300, Piso 4",No disponible,1 dorm.,1 baño,20 años,No disponible,argenprop,Rosario
295000,No disponible,9 de Julio 100,28  m² cubie.,No disponible,1 baño,5 años,No disponible,argenprop,Rosario
450000,No disponible,Rioja 2436,50  m² cubie.,1 dorm.,No disponible,4 años,No disponible,argenprop,Rosario
1050000,No disponible,"Pje Campichuelo 800, Piso 9",210  m² cubie.,4 dorm.,No disponible,20 años,No disponible,argenprop,Rosario
280000,40000,"Balcarce 1300, Piso 5",30  m² cubie.,No disponible,1 baño,No disponible,Monoam.,argenprop,Rosario
500000,70000,"Moreno 1100, Piso 6",No disponible,2 dorm.,2 baños,No disponible,3 ambientes,argenprop,Rosario
260000,No disponible,Entre Rios A 1800,30  m² cubie.,No disponible,1 baño,No disponible,No disponible,argenprop,Rosario
280000,No disponible,"ITUIZANGO 1000, Piso 1",No disponible,1 dorm.,No disponible,No disponible,No disponible,argenprop,Rosario
330000,No disponible,"Santiago 1600, Piso 3",36  m² cubie.,No disponible,1 baño,No disponible,Monoam.,argenprop,Rosario
700000,No disponible,Campichuelo 600,42  m² cubie.,No disponible,No disponible,No disponible,No disponible,argenprop,Bariloche
900000,No disponible,Onelli 100,No disponible,No disponible,No disponible,No disponible,No disponible,argenprop,Bariloche
750000,150000,Victoria Ocampo 100,45  m² cubie.,1 dorm.,No disponible,A Estrenar,No disponible,argenprop,Bariloche
550000,No disponible,Felipe laguna,30  m² cubie.,1 dorm.,No disponible,15 años,No disponible,argenprop,Bariloche
1153000,85950,Salta al 400,71  m² cubie.,2 dorm.,No disponible,30 años,No disponible,argenprop,Bariloche
1441250,200000,"Pinar del Lago, San Carlos de Bariloche",70  m² cubie.,2 dorm.,No disponible,A Estrenar,No disponible,argenprop,Bariloche
1037700,120000,Bustillo al 3900.,50  m² cubie.,1 dorm.,No disponible,A Estrenar,No disponible,argenprop,Bariloche
950000,No disponible,Av. Bustillo al 4400,No disponible,2 dorm.,1 baño,25 años,No disponible,argenprop,Bariloche
750000,No disponible,Av. Bustillo al 4400,No disponible,1 dorm.,1 baño,25 años,No disponible,argenprop,Bariloche
864750,90000,"Barrio Belgrano, San Carlos de Bariloche",31  m² cubie.,1 dorm.,No disponible,A Estrenar,No disponible,argenprop,Bariloche
800000,No disponible,Suipacha 3500,50  m² cubie.,2 dorm.,1 baño,No disponible,No disponible,argenprop,Bariloche
1153000,No disponible,"Centro, San Carlos de Bariloche",49  m² cubie.,1 dorm.,No disponible,A Estrenar,No disponible,argenprop,Bariloche
1950000,No disponible,"Quaglia , Piso 3",120  m² cubie.,4 dorm.,No disponible,30 años,No disponible,argenprop,Bariloche
900000,No disponible,Aime Paime 200,40  m² cubie.,2 dorm.,1 baño,No disponible,No disponible,argenprop,Bariloche
1153000,85000,"Centro, San Carlos de Bariloche",60  m² cubie.,2 dorm.,No disponible,12 años,No disponible,argenprop,Bariloche
600000,No disponible,Tiscornia 1200,26  m² cubie.,No disponible,1 baño,4 años,No disponible,argenprop,Bariloche
1300000,No disponible,"Pasaje Gutierrez 700, Piso 1",No disponible,3 dorm.,2 baños,No disponible,4 ambientes,argenprop,Bariloche
1037700,No disponible,De Los Helechos  al 400,50  m² cubie.,1 dorm.,No disponible,A Estrenar,No disponible,argenprop,Bariloche
2000000,No disponible,Los Molles 1900,80  m² cubie.,2 dorm.,2 baños,No disponible,No disponible,argenprop,Bariloche
800000,No disponible,María Furman 800,40  m² cubie.,1 dorm.,1 baño,No disponible,No disponible,argenprop,Bariloche
750000,No disponible,Sarmiento 1700,35  m² cubie.,1 dorm.,No disponible,1 año,No disponible,argenprop,Bariloche
650000,No disponible,"Sarmiento 1700, Piso 1",35  m² cubie.,1 dorm.,No disponible,1 año,No disponible,argenprop,Bariloche
1153000,No disponible,Tronador  al 1700 - Departamento en Alquiler,43  m² cubie.,1 dorm.,No disponible,A Estrenar,No disponible,argenprop,Bariloche
691800,No disponible,Tronador  al 1700  Monoambiente Alquiler,20  m² cubie.,No disponible,1 baño,A Estrenar,No disponible,argenprop,Bariloche
800000,No disponible,"La Cumbre, San Carlos de Bariloche",44  m² cubie.,1 dorm.,No disponible,A Estrenar,No disponible,argenprop,Bariloche
700000,No disponible,"La Cumbre, San Carlos de Bariloche",35  m² cubie.,No disponible,1 baño,A Estrenar,No disponible,argenprop,Bariloche
922400,55000,"20 DE JUNIO 700, Piso 2",40  m² cubie.,1 dorm.,No disponible,No disponible,2 ambientes,argenprop,Bariloche
800000,No disponible,"Escritores argentinos 200, Piso 0",40  m² cubie.,1 dorm.,No disponible,2025 años,No disponible,argenprop,Bariloche
750000,No disponible,"9 DE JULIO 400, Piso 0",53  m² cubie.,No disponible,1 baño,2025 años,No disponible,argenprop,Bariloche
922400,59000,Mitre 100,35  m² cubie.,1 dorm.,No disponible,52 años,No disponible,argenprop,Bariloche
74945,No disponible,Mitre 100,35  m² cubie.,1 dorm.,No disponible,52 años,No disponible,argenprop,Bariloche
1100000,60000,20 de Junio 700,40  m² cubie.,1 dorm.,No disponible,11 años,No disponible,argenprop,Bariloche
747500,No disponible,"9 de julio 400, Piso 0",45  m² cubie.,1 dorm.,No disponible,2025 años,No disponible,argenprop,Bariloche
690000,No disponible,"9 de julio 400, Piso 1",35  m² cubie.,1 dorm.,No disponible,2025 años,No disponible,argenprop,Bariloche
690000,No disponible,"9 de julio 400, Piso 0",85  m² cubie.,1 dorm.,No disponible,2025 años,No disponible,argenprop,Bariloche
54000,No disponible,Los Pehuenes 1600,20  m² cubie.,No disponible,1 baño,A Estrenar,No disponible,argenprop,Bariloche
1153000,90000,20 de Febrero 700,"61,20  m² cubie.",2 dorm.,No disponible,33 años,No disponible,argenprop,Bariloche
